Workbook

Sheet Lisez-moi
A1: Analyse de risques ISO 14971 simplifiée — TP M3-2
A2: Module 3 — vendredi 16 octobre 2026 — MBA Santé, IA & IoT — Epitech — Nicolas LAURIO
A3: Exercice d'entraînement. Matrice d'exemple, simplifiée pour le cours : dans un vrai dossier, le fabricant définit lui-même ses échelles et ses seuils.
A5: Légende des cellules
A6: Police bleue sur fond bleu pâle = à remplir par l'équipe (listes déroulantes : type de danger, gravité, probabilité).
A7: Police noire sur fond blanc dans les colonnes « Risque » et « Niveau » = formule : ne pas écraser.
A8: Couleur automatique du niveau : vert pâle = faible (acceptable), orange clair = moyen (à réduire), orange foncé = élevé (inacceptable).
A10: La chaîne à remplir, de gauche à droite (comme une rangée de dominos)
A11: Danger (ce qui peut faire du mal) → séquence d'événements (ce qui s'enchaîne) → situation dangereuse (une personne est exposée) → dommage (l'atteinte à la santé).
A12: Puis : gravité (1 à 3) × probabilité (1 à 3) = risque → niveau. Puis 3 mesures, dans l'ordre imposé : 1) conception, 2) protection, 3) information. Puis on recote : c'est le risque résiduel.
A14: Onglets
A15: Échelles : définitions de la gravité et de la probabilité, seuils des zones, matrice 3 × 3.
... A20: Enregistrez sous analyse_risques_eqNN.xlsx (NN = numéro d'équipe) dans analyses/m3/ du dépôt. Au moins 5 dangers : techniques, d'utilisation, de cybersécurité.

Sheet Échelles
A1: Échelles de cotation (matrice d'exemple, simplifiée pour le cours)
A3: Gravité | B3: Nom | C3: Ce que ça veut dire (exemple : cas A, EHPAD)
A4: 1 | B4: Légère | C4: Gêne passagère, sans soins (ex. rougeur, résidente réveillée la nuit)
A5: 2 | B5: Modérée | C5: Soins nécessaires, puis guérison (ex. plaie à panser, hématome)
A6: 3 | B6: Grave | C6: Séquelles ou décès (ex. plusieurs heures au sol : déshydratation, escarres, hospitalisation)
A7: Probabilité | B7: Nom | C7: Ce que ça veut dire (repère pour un EHPAD équipé)
A8: 1 | B8: Rare | C8: On l'imagine difficilement : peut-être une fois en plusieurs années
A9: 2 | B9: Possible | C9: Cela arrivera sans doute un jour : quelques fois par an
A10: 3 | B10: Fréquente | C10: On s'y attend : chaque mois, voire plus souvent
A12: Seuils des zones (risque = gravité × probabilité, de 1 à 9)
A13: Zone | B13: Mot des slides | C13: À partir d'un risque de…
A14: À réduire | B14: Moyen | C14: 3 | D14: Moyen : réduire autant que possible, puis justifier par le bénéfice.
A15: Inacceptable | B15: Élevé | C15: 6 | D15: Élevé : inacceptable en l'état, il faut réduire le risque.
A16: Acceptable | B16: Faible | C16: en dessous de 3 (1 ou 2) | D16: Faible : acceptable, on le note quand même.
A18: Quelles cases dans quelle zone ?
A19: Faible (acceptable) : Légère × Rare (1), Légère × Possible (2), Modérée × Rare (2).
A20: Moyen (à réduire) : Légère × Fréquente (3), Grave × Rare (3), Modérée × Possible (4).
A21: Élevé (inacceptable) : Modérée × Fréquente (6), Grave × Possible (6), Grave × Fréquente (9).
A22: Conséquence : un dommage grave ne descend jamais sous « moyen ». On le réduit autant que possible, puis on justifie par le bénéfice pour le patient.
A24: Matrice 3 × 3 (calculée)
A25: Gravité ↓ / Probabilité → | B25: 1 Rare | C25: 2 Possible | D25: 3 Fréquente
A26: 3 Grave | B26: =VALUE(LEFT($A26,1))*VALUE(LEFT(B$25,1))&" : "&IF(VALUE(LEFT($A26,1))*VALUE(LEFT(B$25,1))>=$C$15,"Élevé",IF(VALUE(LEFT($A26,1))*VALUE(LEFT(B$25,1))>=$C$14,"Moyen","Faible")) | C26: =VALUE(LEFT($A26,1))*VALUE(LEFT(C$25,1))&" : "&IF(VALUE(LEFT($A26,1))*VALUE(LEFT(C$25,1))>=$C$15,"Élevé",IF(VALUE(LEFT($A26,1))*VALUE(LEFT(C$25,1))>=$C$14,"Moyen","Faible")) | D26: =VALUE(LEFT($A26,1))*VALUE(LEFT(D$25,1))&" : "&IF(VALUE(LEFT($A26,1))*VALUE(LEFT(D$25,1))>=$C$15,"Élevé",IF(VALUE(LEFT($A26,1))*VALUE(LEFT(D$25,1))>=$C$14,"Moyen","Faible"))
A27: 2 Modérée | B27: =VALUE(LEFT($A27,1))*VALUE(LEFT(B$25,1))&" : "&IF(VALUE(LEFT($A27,1))*VALUE(LEFT(B$25,1))>=$C$15,"Élevé",IF(VALUE(LEFT($A27,1))*VALUE(LEFT(B$25,1))>=$C$14,"Moyen","Faible")) | C27: =VALUE(LEFT($A27,1))*VALUE(LEFT(C$25,1))&" : "&IF(VALUE(LEFT($A27,1))*VALUE(LEFT(C$25,1))>=$C$15,"Élevé",IF(VALUE(LEFT($A27,1))*VALUE(LEFT(C$25,1))>=$C$14,"Moyen","Faible")) | D27: =VALUE(LEFT($A27,1))*VALUE(LEFT(D$25,1))&" : "&IF(VALUE(LEFT($A27,1))*VALUE(LEFT(D$25,1))>=$C$15,"Élevé",IF(VALUE(LEFT($A27,1))*VALUE(LEFT(D$25,1))>=$C$14,"Moyen","Faible"))
A28: 1 Légère | B28: =VALUE(LEFT($A28,1))*VALUE(LEFT(B$25,1))&" : "&IF(VALUE(LEFT($A28,1))*VALUE(LEFT(B$25,1))>=$C$15,"Élevé",IF(VALUE(LEFT($A28,1))*VALUE(LEFT(B$25,1))>=$C$14,"Moyen","Faible")) | C28: =VALUE(LEFT($A28,1))*VALUE(LEFT(C$25,1))&" : "&IF(VALUE(LEFT($A28,1))*VALUE(LEFT(C$25,1))>=$C$15,"Élevé",IF(VALUE(LEFT($A28,1))*VALUE(LEFT(C$25,1))>=$C$14,"Moyen","Faible")) | D28: =VALUE(LEFT($A28,1))*VALUE(LEFT(D$25,1))&" : "&IF(VALUE(LEFT($A28,1))*VALUE(LEFT(D$25,1))>=$C$15,"Élevé",IF(VALUE(LEFT($A28,1))*VALUE(LEFT(D$25,1))>=$C$14,"Moyen","Faible"))

Sheet Analyse de risques
A1: Analyse de risques de votre projet (ISO 14971 simplifiée)
A2: Équipe (numéro) | C2: eq00
A3: Cas d'usage
A4: Finalité en une phrase
A7: 1. LA CHAÎNE DU RISQUE (dominos) | G7: 2. COTATION AVANT MESURES | K7: 3. MESURES, DANS L'ORDRE IMPOSÉ | N7: 4. RISQUE RÉSIDUEL | R7: 5. JUSTIFIER
A8: N° | B8: Type de danger | C8: Danger | D8: Séquence d'événements | E8: Situation dangereuse | F8: Dommage | G8: Gravité (1-3) | H8: Probabilité (1-3) | I8: Risque = G × P | J8: Niveau | K8: Mesure 1 — sécurité par la conception | L8: Mesure 2 — protection (alarme, garde-fou) | M8: Mesure 3 — information (notice, formation) | N8: Gravité après | O8: Probabilité après | P8: Risque résiduel | Q8: Niveau résiduel | R8: Lien module 2, bénéfice / risque, commentaire
A9: 1 | B9: Technique | C9: Batterie vide : le capteur ne peut plus envoyer d'alerte | D9: Recharge oubliée → batterie vide, capteur éteint la nuit → la résidente se lève et chute | E9: La résidente est au sol, personne n'est prévenu | F9: Longue attente au sol (plusieurs heures) : froid, déshydratation, escarres, hospitalisation | G9: 3 | H9: 3 | I9: =IF(OR(G9="",H9=""),"",G9*H9) | J9: =IF(I9="","",IF(I9>='Échelles'!$C$15,"Élevé : inacceptable",IF(I9>='Échelles'!$C$14,"Moyen : à réduire","Faible : acceptable"))) | K9: Batterie qui tient largement : au moins 7 jours (TP M2-4), mode sommeil entre deux mesures | L9: Alerte « batterie faible » au poste de soins ; alerte si l'objet se tait (pas de signe de vie depuis 1 h) | M9: Notice : « recharger chaque semaine » ; recharge inscrite au protocole de soins (ex. à la toilette) ; formation | N9: 3 | O9: 1 | P9: =IF(OR(N9="",O9=""),"",N9*O9) | Q9: =IF(P9="","",IF(P9>='Échelles'!$C$15,"Élevé : inacceptable",IF(P9>='Échelles'!$C$14,"Moyen : à réduire","Faible : acceptable"))) | R9: Lien M2 : calcul d'autonomie du TP M2-4, à confirmer par la mesure au projet 1. Grave reste grave : au mieux « moyen ». Bénéfice : les chutes de nuit sont signalées en minutes, pas découvertes à la ronde.
A10: 2 | I10: =IF(OR(G10="",H10=""),"",G10*H10) | J10: =IF(I10="","",IF(I10>='Échelles'!$C$15,"Élevé : inacceptable",IF(I10>='Échelles'!$C$14,"Moyen : à réduire","Faible : acceptable"))) | P10: =IF(OR(N10="",O10=""),"",N10*O10) | Q10: =IF(P10="","",IF(P10>='Échelles'!$C$15,"Élevé : inacceptable",IF(P10>='Échelles'!$C$14,"Moyen : à réduire","Faible : acceptable")))
A11: 3 | I11: =IF(OR(G11="",H11=""),"",G11*H11) | J11: =IF(I11="","",IF(I11>='Échelles'!$C$15,"Élevé : inacceptable",IF(I11>='Échelles'!$C$14,"Moyen : à réduire","Faible : acceptable"))) | P11: =IF(OR(N11="",O11=""),"",N11*O11) | Q11: =IF(P11="","",IF(P11>='Échelles'!$C$15,"Élevé : inacceptable",IF(P11>='Échelles'!$C$14,"Moyen : à réduire","Faible : acceptable")))
A12: 4 | I12: =IF(OR(G12="",H12=""),"",G12*H12) | J12: =IF(I12="","",IF(I12>='Échelles'!$C$15,"Élevé : inacceptable",IF(I12>='Échelles'!$C$14,"Moyen : à réduire","Faible : acceptable"))) | P12: =IF(OR(N12="",O12=""),"",N12*O12) | Q12: =IF(P12="","",IF(P12>='Échelles'!$C$15,"Élevé : inacceptable",IF(P12>='Échelles'!$C$14,"Moyen : à réduire","Faible : acceptable")))
A13: 5 | I13: =IF(OR(G13="",H13=""),"",G13*H13) | J13: =IF(I13="","",IF(I13>='Échelles'!$C$15,"Élevé : inacceptable",IF(I13>='Échelles'!$C$14,"Moyen : à réduire","Faible : acceptable"))) | P13: =IF(OR(N13="",O13=""),"",N13*O13) | Q13: =IF(P13="","",IF(P13>='Échelles'!$C$15,"Élevé : inacceptable",IF(P13>='Échelles'!$C$14,"Moyen : à réduire","Faible : acceptable")))
A14: 6 | I14: =IF(OR(G14="",H14=""),"",G14*H14) | J14: =IF(I14="","",IF(I14>='Échelles'!$C$15,"Élevé : inacceptable",IF(I14>='Échelles'!$C$14,"Moyen : à réduire","Faible : acceptable"))) | P14: =IF(OR(N14="",O14=""),"",N14*O14) | Q14: =IF(P14="","",IF(P14>='Échelles'!$C$15,"Élevé : inacceptable",IF(P14>='Échelles'!$C$14,"Moyen : à réduire","Faible : acceptable")))
A15: 7 | I15: =IF(OR(G15="",H15=""),"",G15*H15) | J15: =IF(I15="","",IF(I15>='Échelles'!$C$15,"Élevé : inacceptable",IF(I15>='Échelles'!$C$14,"Moyen : à réduire","Faible : acceptable"))) | P15: =IF(OR(N15="",O15=""),"",N15*O15) | Q15: =IF(P15="","",IF(P15>='Échelles'!$C$15,"Élevé : inacceptable",IF(P15>='Échelles'!$C$14,"Moyen : à réduire","Faible : acceptable")))
A16: 8 | I16: =IF(OR(G16="",H16=""),"",G16*H16) | J16: =IF(I16="","",IF(I16>='Échelles'!$C$15,"Élevé : inacceptable",IF(I16>='Échelles'!$C$14,"Moyen : à réduire","Faible : acceptable"))) | P16: =IF(OR(N16="",O16=""),"",N16*O16) | Q16: =IF(P16="","",IF(P16>='Échelles'!$C$15,"Élevé : inacceptable",IF(P16>='Échelles'!$C$14,"Moyen : à réduire","Faible : acceptable")))
A17: 9 | I17: =IF(OR(G17="",H17=""),"",G17*H17) | J17: =IF(I17="","",IF(I17>='Échelles'!$C$15,"Élevé : inacceptable",IF(I17>='Échelles'!$C$14,"Moyen : à réduire","Faible : acceptable"))) | P17: =IF(OR(N17="",O17=""),"",N17*O17) | Q17: =IF(P17="","",IF(P17>='Échelles'!$C$15,"Élevé : inacceptable",IF(P17>='Échelles'!$C$14,"Moyen : à réduire","Faible : acceptable")))
A18: 10 | I18: =IF(OR(G18="",H18=""),"",G18*H18) | J18: =IF(I18="","",IF(I18>='Échelles'!$C$15,"Élevé : inacceptable",IF(I18>='Échelles'!$C$14,"Moyen : à réduire","Faible : acceptable"))) | P18: =IF(OR(N18="",O18=""),"",N18*O18) | Q18: =IF(P18="","",IF(P18>='Échelles'!$C$15,"Élevé : inacceptable",IF(P18>='Échelles'!$C$14,"Moyen : à réduire","Faible : acceptable")))
A19: Ligne 1 = exemple rempli (police bleue en italique) : gardez-le s'il vaut pour votre projet, ou remplacez-le.

Sheet Synthèse
A1: Synthèse : où sont vos risques ? (calculée automatiquement)
A3: AVANT les mesures | E3: APRÈS les mesures (risque résiduel)
A4: Gravité ↓ / Probabilité → | B4: 1 Rare | C4: 2 Possible | D4: 3 Fréquente | E4: Gravité ↓ / Probabilité → | F4: 1 Rare | G4: 2 Possible | H4: 3 Fréquente
A5: 3 Grave | B5: =COUNTIFS('Analyse de risques'!$G$9:$G$18,3,'Analyse de risques'!$H$9:$H$18,1) | C5: =COUNTIFS('Analyse de risques'!$G$9:$G$18,3,'Analyse de risques'!$H$9:$H$18,2) | D5: =COUNTIFS('Analyse de risques'!$G$9:$G$18,3,'Analyse de risques'!$H$9:$H$18,3) | E5: 3 Grave | F5: =COUNTIFS('Analyse de risques'!$N$9:$N$18,3,'Analyse de risques'!$O$9:$O$18,1) | G5: =COUNTIFS('Analyse de risques'!$N$9:$N$18,3,'Analyse de risques'!$O$9:$O$18,2) | H5: =COUNTIFS('Analyse de risques'!$N$9:$N$18,3,'Analyse de risques'!$O$9:$O$18,3)
A6: 2 Modérée | B6: =COUNTIFS('Analyse de risques'!$G$9:$G$18,2,'Analyse de risques'!$H$9:$H$18,1) | C6: =COUNTIFS('Analyse de risques'!$G$9:$G$18,2,'Analyse de risques'!$H$9:$H$18,2) | D6: =COUNTIFS('Analyse de risques'!$G$9:$G$18,2,'Analyse de risques'!$H$9:$H$18,3) | E6: 2 Modérée | F6: =COUNTIFS('Analyse de risques'!$N$9:$N$18,2,'Analyse de risques'!$O$9:$O$18,1) | G6: =COUNTIFS('Analyse de risques'!$N$9:$N$18,2,'Analyse de risques'!$O$9:$O$18,2) | H6: =COUNTIFS('Analyse de risques'!$N$9:$N$18,2,'Analyse de risques'!$O$9:$O$18,3)
A7: 1 Légère | B7: =COUNTIFS('Analyse de risques'!$G$9:$G$18,1,'Analyse de risques'!$H$9:$H$18,1) | C7: =COUNTIFS('Analyse de risques'!$G$9:$G$18,1,'Analyse de risques'!$H$9:$H$18,2) | D7: =COUNTIFS('Analyse de risques'!$G$9:$G$18,1,'Analyse de risques'!$H$9:$H$18,3) | E7: 1 Légère | F7: =COUNTIFS('Analyse de risques'!$N$9:$N$18,1,'Analyse de risques'!$O$9:$O$18,1) | G7: =COUNTIFS('Analyse de risques'!$N$9:$N$18,1,'Analyse de risques'!$O$9:$O$18,2) | H7: =COUNTIFS('Analyse de risques'!$N$9:$N$18,1,'Analyse de risques'!$O$9:$O$18,3)
A8: (nombre de risques dans chaque case) | E8: (nombre de risques dans chaque case)
A11: Contrôles
A12: Dangers listés | B12: =COUNTA('Analyse de risques'!$C$9:$C$18) | C12: =IF(B12>=5,"OK : au moins 5 dangers","Visez au moins 5 dangers")
A13: dont techniques | B13: =COUNTIF('Analyse de risques'!$B$9:$B$18,"Technique") | C13: =IF(B13>=1,"OK","Ajoutez un danger technique")
A14: dont d'utilisation | B14: =COUNTIF('Analyse de risques'!$B$9:$B$18,"Utilisation") | C14: =IF(B14>=1,"OK","Ajoutez un danger d'utilisation")
A15: dont de cybersécurité | B15: =COUNTIF('Analyse de risques'!$B$9:$B$18,"Cybersécurité") | C15: =IF(B15>=1,"OK","Ajoutez un danger de cybersécurité")
A16: Risques « élevés » après mesures | B16: =COUNTIF('Analyse de risques'!$Q$9:$Q$18,"Élevé*") | C16: =IF(B16=0,"OK : aucun risque inacceptable restant","Il reste un risque inacceptable : ajoutez une mesure")
